,movie,year,imdb,metascore,votes,us_grossMillions,timeMin
0,Joker,2019,8.5,59.0,807676,335.45,122
1,Parasite,2019,8.6,96.0,426157,53.37,132
2,Knives Out,2019,7.9,82.0,318763,165.36,130
3,Once Upon a Time... in Hollywood,2019,7.7,83.0,477639,142.5,161
4,The Gentlemen,2019,7.9,51.0,146640,,113
5,1917,2019,8.3,78.0,326393,159.23,119
6,Avengers: Endgame,2019,8.4,78.0,727622,858.37,181
7,The Help,2011,8.1,62.0,413724,169.71,146
8,The Lord of the Rings: The Fellowship of the Ring,2001,8.8,92.0,1603102,315.54,178
9,Jojo Rabbit,2019,7.9,58.0,225446,0.35,108
10,The Shawshank Redemption,1994,9.3,80.0,2250203,28.34,142
11,Back to the Future,1985,8.5,87.0,1008834,210.61,116
12,Inception,2010,8.8,74.0,1973002,292.58,148
13,The Godfather,1972,9.2,100.0,1552689,134.97,175
14,Interstellar,2014,8.6,74.0,1423653,188.02,169
15,Harry Potter and the Sorcerer's Stone,2001,7.6,64.0,615761,317.58,152
16,Little Women,2019,7.9,91.0,109140,108.1,135
17,The Wolf of Wall Street,2013,8.2,75.0,1121566,116.9,180
18,The Dark Knight,2008,9.0,84.0,2217952,534.86,152
19,Thor: Ragnarok,2017,7.9,74.0,554451,315.06,130
20,The Silence of the Lambs,1991,8.6,85.0,1218384,130.74,118
21,Pulp Fiction,1994,8.9,94.0,1761694,107.93,154
22,Django Unchained,2012,8.4,81.0,1301877,162.81,165
23,The Lighthouse,2019,7.6,83.0,107882,0.43,109
24,Titanic,1997,7.8,75.0,1014670,659.33,194
25,The Matrix,1999,8.7,73.0,1614084,171.48,136
26,Mad Max: Fury Road,2015,8.1,90.0,844570,154.06,120
27,Inglourious Basterds,2009,8.3,69.0,1214660,120.54,153
28,Do the Right Thing,1989,7.9,92.0,82687,27.55,120
29,Ford v Ferrari,2019,8.1,81.0,222586,117.62,152
30,The Irishman,2019,7.9,94.0,293911,,209
31,Se7en,1995,8.6,65.0,1385094,100.13,127
32,V for Vendetta,2005,8.2,62.0,999567,70.51,132
33,Indiana Jones and the Last Crusade,1989,8.2,65.0,670191,197.17,127
34,Avengers: Infinity War,2018,8.5,68.0,779932,678.82,149
35,Blade Runner 2049,2017,8.0,81.0,432536,92.05,164
36,No Country for Old Men,2007,8.1,91.0,819644,74.28,122
37,Shutter Island,2010,8.1,63.0,1082194,128.01,138
38,Jurassic Park,1993,8.1,68.0,833306,402.45,127
39,The Departed,2006,8.5,85.0,1146764,132.38,151
40,The Dark Knight Rises,2012,8.4,78.0,1466185,448.14,164
41,Forrest Gump,1994,8.8,82.0,1734833,330.25,142
42,Gone Girl,2014,8.1,79.0,822053,167.77,149
43,The Social Network,2010,7.7,95.0,601956,96.96,120
44,Fight Club,1999,8.8,66.0,1788994,37.03,139
45,The Goonies,1985,7.8,62.0,233560,61.5,114
46,Alien,1979,8.4,89.0,759590,78.9,117
47,The Prestige,2006,8.5,66.0,1139968,53.09,130
48,The Lord of the Rings: The Return of the King,2003,8.9,94.0,1589149,377.85,201
49,Guardians of the Galaxy,2014,8.0,76.0,1014890,333.18,121
50,Call Me by Your Name,2017,7.9,93.0,193224,18.1,132
51,Mission: Impossible - Fallout,2018,7.7,86.0,274279,220.16,147
52,Green Book,2018,8.2,69.0,327366,85.08,130
53,Avatar,2009,7.8,83.0,1094130,760.51,162
54,Harry Potter and the Deathly Hallows: Part 2,2011,8.1,85.0,735136,381.01,130
55,The Green Mile,1999,8.6,61.0,1097202,136.8,189
56,Saving Private Ryan,1998,8.6,91.0,1189979,216.54,169
57,Jaws,1975,8.0,87.0,530175,260.0,124
58,Pirates of the Caribbean: The Curse of the Black Pearl,2003,8.0,63.0,995553,305.41,143
59,Goodfellas,1990,8.7,90.0,978952,46.84,146
60,Schindler's List,1993,8.9,94.0,1169272,96.9,195
61,Gladiator,2000,8.5,67.0,1293486,187.71,155
62,Dunkirk,2017,7.9,94.0,520356,188.37,106
63,Léon: The Professional,1994,8.5,64.0,995949,19.5,110
64,The Princess Bride,1987,8.1,77.0,380643,30.86,98
65,The Shining,1980,8.4,66.0,856577,44.02,146
66,Get Out,2017,7.7,85.0,462659,176.04,104
67,Captain America: Civil War,2016,7.8,75.0,636280,408.08,147
68,Bohemian Rhapsody,2018,8.0,49.0,425960,216.43,134
69,Apocalypto,2006,7.8,68.0,283203,50.87,139
70,Raiders of the Lost Ark,1981,8.4,85.0,856905,248.16,115
71,Wind River,2017,7.7,73.0,191663,33.8,107
72,Portrait of a Lady on Fire,2019,8.1,95.0,40771,,122
73,Prisoners,2013,8.1,70.0,572354,61.0,153
74,Some Like It Hot,1959,8.2,98.0,235398,25.0,121
75,Spider-Man: Into the Spider-Verse,2018,8.4,87.0,321796,190.24,117
76,The Breakfast Club,1985,7.9,66.0,342251,45.88,97
77,"The Good, the Bad and the Ugly",1966,8.8,90.0,664565,6.1,178
78,Taxi Driver,1976,8.3,94.0,693724,28.26,114
79,Harry Potter and the Goblet of Fire,2005,7.7,81.0,524057,290.01,157
80,Whiplash,2014,8.5,88.0,679726,13.09,106
81,Apocalypse Now,1979,8.4,94.0,583804,83.47,147
82,Spirited Away,2001,8.6,96.0,614731,10.06,125
83,The Lord of the Rings: The Two Towers,2002,8.7,87.0,1435748,342.55,179
84,Batman Begins,2005,8.2,70.0,1265287,206.85,140
85,Up,2009,8.2,88.0,902122,293.0,96
86,Requiem for a Dream,2000,8.3,68.0,741123,3.64,102
87,A Clockwork Orange,1971,8.3,80.0,732734,6.21,136
88,The Usual Suspects,1995,8.5,77.0,958835,23.34,106
89,Deadpool 2,2018,7.7,66.0,453087,324.59,119
90,American History X,1998,8.5,62.0,1004739,6.72,119
91,The Godfather: Part II,1974,9.0,90.0,1085199,57.3,202
92,Star Wars: Episode IV - A New Hope,1977,8.6,90.0,1193920,322.74,121
93,The Hobbit: An Unexpected Journey,2012,7.8,58.0,742031,303.0,169
94,Tombstone,1993,7.8,50.0,121547,56.51,130
95,Hacksaw Ridge,2016,8.1,71.0,410517,67.21,139
96,Unforgiven,1992,8.2,85.0,362668,101.16,130
97,Back to the Future Part II,1989,7.8,57.0,460117,118.5,108
98,Zodiac,2007,7.7,78.0,433859,33.08,157
99,Harry Potter and the Prisoner of Azkaban,2004,7.9,82.0,526361,249.36,142
100,Heat,1995,8.2,76.0,555862,67.44,170
101,Guardians of the Galaxy Vol. 2,2017,7.6,67.0,541840,389.81,136
102,What We Do in the Shadows,2014,7.7,76.0,146668,3.33,86
103,Hidden Figures,2016,7.8,74.0,189824,169.61,127
104,Moana,2016,7.6,81.0,254433,248.76,107
105,Psycho,1960,8.5,97.0,578174,32.0,109
106,The Curious Case of Benjamin Button,2008,7.8,70.0,570296,127.51,166
107,The Revenant,2015,8.0,76.0,676348,183.64,156
108,Memento,2000,8.4,80.0,1087012,25.54,113
109,Inside Man,2006,7.6,76.0,327620,88.51,129
110,The Martian,2015,8.0,80.0,732300,228.43,144
111,Casino,1995,8.2,73.0,446035,42.44,178
112,12 Years a Slave,2013,8.1,96.0,617160,56.67,134
113,Toy Story 4,2019,7.8,84.0,181915,434.04,100
114,Blade Runner,1982,8.1,84.0,670692,32.87,117
115,Watchmen,2009,7.6,56.0,486122,107.51,162
116,The Avengers,2012,8.0,69.0,1233729,623.28,143
117,Marriage Story,2019,8.0,94.0,216305,,137
118,The Notebook,2004,7.8,53.0,502327,81.0,123
119,Stand by Me,1986,8.1,75.0,351442,52.29,89
120,The Hateful Eight,2015,7.8,68.0,491325,54.12,168
121,Her,2013,8.0,90.0,515656,25.57,126
122,The Peanut Butter Falcon,2019,7.6,70.0,41426,13.12,97
123,Room,2015,8.1,86.0,350601,14.68,118
124,Into the Wild,2007,8.1,73.0,553515,18.35,148
125,American Beauty,1999,8.3,84.0,1040425,130.1,122
126,Baby Driver,2017,7.6,86.0,413339,107.83,113
127,Apollo 13,1995,7.6,77.0,259581,173.84,140
128,Catch Me If You Can,2002,8.1,75.0,787080,164.62,141
129,The Grand Budapest Hotel,2014,8.1,88.0,679346,59.1,99
130,Boogie Nights,1997,7.9,85.0,231045,26.4,155
131,"Three Billboards Outside Ebbing, Missouri",2017,8.2,88.0,401680,54.51,115
132,Scarface,1983,8.3,65.0,712264,45.6,170
133,Full Metal Jacket,1987,8.3,76.0,650525,46.36,116
134,Dazed and Confused,1993,7.6,78.0,158871,7.99,102
135,Good Will Hunting,1997,8.3,70.0,826938,138.43,126
136,2001: A Space Odyssey,1968,8.3,84.0,580472,56.95,149
137,Billy Elliot,2000,7.7,74.0,122522,22.0,110
138,Ferris Bueller's Day Off,1986,7.8,61.0,308833,70.14,103
139,Ex Machina,2014,7.7,78.0,456432,25.44,108
140,Children of Men,2006,7.9,84.0,450768,35.55,109
141,Eternal Sunshine of the Spotless Mind,2004,8.3,89.0,879442,34.4,108
142,Deadpool,2016,8.0,65.0,873974,363.07,108
143,Willy Wonka & the Chocolate Factory,1971,7.8,67.0,171722,4.0,100
144,Kill Bill: Vol. 1,2003,8.1,69.0,967294,70.1,111
145,La La Land,2016,8.0,94.0,480018,151.1,128
146,Zootopia,2016,8.0,78.0,415576,341.27,108
147,Rogue One: A Star Wars Story,2016,7.8,65.0,532424,532.18,133
148,There Will Be Blood,2007,8.2,93.0,496246,40.22,158
149,Logan,2017,8.1,77.0,618439,226.28,137
150,Iron Man,2008,7.9,79.0,913438,318.41,126
151,Harry Potter and the Deathly Hallows: Part 1,2010,7.7,65.0,457263,295.98,146
152,12 Angry Men,1957,8.9,96.0,658786,4.36,96
153,The Fifth Element,1997,7.7,52.0,421853,63.54,126
154,Terminator 2: Judgment Day,1991,8.5,75.0,965720,204.84,137
155,The Lion King,1994,8.5,88.0,906989,422.78,88
156,The Perks of Being a Wallflower,2012,8.0,67.0,446576,17.74,103
157,The Big Lebowski,1998,8.1,71.0,703398,17.5,117
158,One Flew Over the Cuckoo's Nest,1975,8.7,83.0,882158,112.0,133
159,300,2006,7.6,52.0,718142,210.61,117
160,Almost Famous,2000,7.9,90.0,244920,32.53,122
161,The Big Short,2015,7.8,81.0,342726,70.26,130
162,True Romance,1993,7.9,59.0,199979,12.28,119
163,A Star Is Born,2018,7.7,88.0,310696,215.29,136
164,Braveheart,1995,8.3,68.0,934484,75.6,178
165,Aliens,1986,8.3,84.0,633249,85.16,137
166,E.T. the Extra-Terrestrial,1982,7.8,91.0,358322,435.11,115
167,Malcolm X,1992,7.7,72.0,81204,48.17,202
168,Casino Royale,2006,8.0,80.0,565654,167.45,144
169,Drive,2011,7.8,78.0,552773,35.06,100
170,Arrival,2016,7.9,81.0,567041,100.55,116
171,Being John Malkovich,1999,7.7,90.0,300531,22.86,113
172,The Truman Show,1998,8.1,90.0,896961,125.62,103
173,The Hobbit: The Desolation of Smaug,2013,7.8,66.0,587107,258.37,161
174,Howl's Moving Castle,2004,8.2,80.0,311487,4.71,119
175,The Girl with the Dragon Tattoo,2011,7.8,71.0,407847,102.52,158
176,Remember the Titans,2000,7.8,48.0,192325,115.65,113
177,Snatch,2000,8.3,55.0,759598,30.33,102
178,Captain Fantastic,2016,7.9,72.0,178651,5.88,118
179,Star Wars: Episode VII - The Force Awakens,2015,7.9,80.0,839452,936.66,138
180,The Imitation Game,2014,8.0,73.0,659930,91.13,114
181,The Invisible Guest,2016,8.1,,120482,,106
182,Reservoir Dogs,1992,8.3,79.0,887013,2.83,99
183,Oldboy,2003,8.4,77.0,494712,0.71,120
184,Pride & Prejudice,2005,7.8,82.0,244004,38.41,129
185,Your Name.,2016,8.4,79.0,170851,5.02,106
186,The Pianist,2002,8.5,85.0,698595,32.57,150
187,X-Men: First Class,2011,7.7,65.0,632958,146.41,131
188,Misery,1990,7.8,75.0,176843,61.28,107
189,Harry Potter and the Half-Blood Prince,2009,7.6,78.0,451959,301.96,153
190,The Terminator,1984,8.0,84.0,776744,38.4,107
191,Once Upon a Time in America,1984,8.4,,298176,5.32,229
192,Sicario,2015,7.6,82.0,355455,46.89,121
193,Mulholland Drive,2001,8.0,85.0,308516,7.22,147
194,Kingsman: The Secret Service,2014,7.7,60.0,574257,128.26,129
195,12 Monkeys,1995,8.0,74.0,564013,57.14,129
196,Minority Report,2002,7.6,80.0,493780,132.07,145
197,American Psycho,2000,7.6,64.0,465976,15.07,101
198,Star Wars: Episode V - The Empire Strikes Back,1980,8.7,82.0,1121527,290.48,124
199,The Hangover,2009,7.7,73.0,700605,277.32,100
200,Ocean's Eleven,2001,7.7,74.0,499468,183.42,116
201,Fantastic Mr. Fox,2009,7.9,83.0,190157,21.0,87
202,Sin City,2005,8.0,74.0,730620,74.1,124
203,Coco,2017,8.4,81.0,341968,209.73,105
204,Star Trek,2009,7.9,82.0,569336,257.73,127
205,The Blues Brothers,1980,7.9,60.0,176344,57.23,133
206,Princess Mononoke,1997,8.4,76.0,324356,2.38,134
207,Captain America: The Winter Soldier,2014,7.7,70.0,712280,259.77,136
208,Moneyball,2011,7.6,87.0,348830,75.61,133
209,The Handmaiden,2016,8.1,84.0,100420,2.01,145
210,Life Is Beautiful,1997,8.6,59.0,598265,57.6,116
211,Black Swan,2010,8.0,79.0,680762,106.95,108
212,Edge of Tomorrow,2014,7.9,71.0,579961,100.21,113
213,Mystic River,2003,7.9,84.0,407877,90.14,138
214,Die Hard,1988,8.2,72.0,761207,83.01,132
215,The Exorcist,1973,8.0,81.0,351157,232.91,122
216,The Sixth Sense,1999,8.1,64.0,886599,293.51,107
217,Blue Is the Warmest Colour,2013,7.7,88.0,133513,2.2,180
218,Ghostbusters,1984,7.8,71.0,343529,238.63,105
219,Vertigo,1958,8.3,100.0,346688,3.2,128
220,Superbad,2007,7.6,76.0,507138,121.46,113
221,Fargo,1996,8.1,85.0,594741,24.61,98
222,True Grit,2010,7.6,80.0,301161,171.24,110
223,A Beautiful Mind,2001,8.2,72.0,819164,170.74,135
224,Cast Away,2000,7.8,73.0,504508,233.63,143
225,Gran Torino,2008,8.1,72.0,701394,148.1,116
226,Man on Fire,2004,7.7,47.0,321189,77.91,146
227,Airplane!,1980,7.7,78.0,204210,83.4,88
228,Donnie Darko,2001,8.0,88.0,723374,1.48,113
229,The Thing,1982,8.1,57.0,355368,13.78,109
230,Star Wars: Episode VI - Return of the Jedi,1983,8.3,58.0,919634,309.13,131
231,Training Day,2001,7.7,69.0,377051,76.63,122
232,Predator,1987,7.8,45.0,361468,59.74,107
233,Million Dollar Baby,2004,8.1,86.0,617022,100.49,132
234,Spotlight,2015,8.1,93.0,400026,45.06,129
235,Crash,2004,7.8,66.0,412892,54.58,112
236,Stardust,2007,7.6,66.0,247835,38.63,127
237,Primal Fear,1996,7.7,47.0,177606,56.12,129
238,Atonement,2007,7.8,85.0,240748,50.93,123
239,Love Actually,2003,7.6,55.0,413024,59.7,135
240,Birdman or (The Unexpected Virtue of Ignorance),2014,7.7,87.0,559705,42.34,119
241,Silver Linings Playbook,2012,7.7,81.0,646418,132.09,122
242,The Sound of Music,1965,8.0,63.0,196605,163.21,172
243,Gone with the Wind,1939,8.1,97.0,279605,198.68,238
244,Capernaum,2018,8.4,75.0,48816,1.66,126
245,A Few Good Men,1992,7.7,62.0,226615,141.34,138
246,Indiana Jones and the Temple of Doom,1984,7.6,57.0,432913,179.87,118
247,City of God,2002,8.6,79.0,680155,7.56,130
248,Anatomy of a Murder,1959,8.0,95.0,57506,11.9,161
249,Platoon,1986,8.1,92.0,369970,138.53,120
250,The Wizard of Oz,1939,8.0,100.0,364278,2.08,102
251,The Godfather: Part III,1990,7.6,60.0,346390,66.67,162
252,Pan's Labyrinth,2006,8.2,98.0,601624,37.63,118
253,What's Eating Gilbert Grape,1993,7.8,73.0,207993,9.17,118
254,Casablanca,1942,8.5,100.0,504527,1.02,102
255,Nightcrawler,2014,7.8,76.0,441678,32.38,117
256,The Deer Hunter,1978,8.1,86.0,301137,48.98,183
257,Dallas Buyers Club,2013,8.0,80.0,425595,27.3,117
258,Ratatouille,2007,8.0,96.0,618309,206.45,111
259,Inside Out,2015,8.1,94.0,584440,356.46,95
260,The Intouchables,2011,8.5,57.0,728596,13.18,112
261,Dead Poets Society,1989,8.1,79.0,404934,95.86,128
262,Mulan,1998,7.6,71.0,241128,120.62,88
263,Warrior,2011,8.2,71.0,423638,13.66,140
264,As Good as It Gets,1997,7.7,67.0,267609,148.48,139
265,Skyfall,2012,7.7,81.0,616459,304.36,143
266,Kill Bill: Vol. 2,2004,8.0,83.0,661320,66.21,137
267,The Last Samurai,2003,7.7,55.0,388179,111.11,154
268,Tangled,2010,7.7,71.0,392042,200.82,100
269,Once Upon a Time in the West,1968,8.5,80.0,290945,5.32,165
270,Seven Samurai,1954,8.6,98.0,304016,0.27,207
271,A Streetcar Named Desire,1951,8.0,97.0,96142,8.0,122
272,Little Miss Sunshine,2006,7.8,80.0,427968,59.89,101
273,Brokeback Mountain,2005,7.7,87.0,314230,83.04,134
274,The Incredibles,2004,8.0,90.0,637331,261.44,115
275,Argo,2012,7.7,86.0,559072,136.03,120
276,About Time,2013,7.8,55.0,286052,15.32,123
277,Trainspotting,1996,8.1,83.0,618479,16.5,93
278,Road to Perdition,2002,7.7,72.0,240539,104.45,117
279,Mary Poppins,1964,7.8,88.0,152702,102.27,139
280,Come and See,1985,8.3,,51353,,142
281,The Hunt,2012,8.3,77.0,265129,0.69,115
282,28 Days Later...,2002,7.6,73.0,366370,45.06,113
283,Gravity,2013,7.7,96.0,749314,274.09,91
284,Toy Story,1995,8.3,95.0,855448,191.8,81
285,Midnight in Paris,2011,7.7,81.0,374987,56.82,94
286,Slumdog Millionaire,2008,8.0,84.0,781035,141.32,120
287,Incredibles 2,2018,7.6,80.0,234822,608.58,118
288,The Hunt for Red October,1990,7.6,58.0,172996,122.01,135
289,Wonder,2017,8.0,66.0,130433,132.42,113
290,The Wild Bunch,1969,7.9,97.0,75398,12.06,135
291,Changeling,2008,7.7,63.0,231174,35.74,141
292,Hell or High Water,2016,7.6,88.0,194777,26.86,102
293,Zombieland,2009,7.6,73.0,505945,75.59,88
294,Home Alone,1990,7.6,63.0,447593,285.76,103
295,The Florida Project,2017,7.6,92.0,86722,5.9,111
296,X-Men: Days of Future Past,2014,8.0,75.0,646041,233.92,132
297,Black Hawk Down,2001,7.7,74.0,355339,108.64,144
298,Amélie,2001,8.3,69.0,684976,33.23,122
299,Lion,2016,8.0,69.0,203131,51.74,118
300,The Butterfly Effect,2004,7.6,30.0,440914,57.94,113
301,Boyz n the Hood,1991,7.7,76.0,119839,57.5,112
302,Blue Velvet,1986,7.8,76.0,174039,8.55,120
303,Lost in Translation,2003,7.7,89.0,397167,44.59,102
304,Straight Outta Compton,2015,7.9,72.0,174347,161.2,147
305,Magnolia,1999,8.0,77.0,282205,22.46,188
306,"Lock, Stock and Two Smoking Barrels",1998,8.2,66.0,519534,3.9,107
307,Rocky,1976,8.1,70.0,501192,117.24,120
308,500 Days of Summer,2009,7.7,76.0,460590,32.39,95
309,Young Frankenstein,1974,8.0,80.0,139102,86.3,106
310,From Here to Eternity,1953,7.6,85.0,41818,30.5,118
311,Finding Nemo,2003,8.1,90.0,919503,380.84,100
312,Hot Fuzz,2007,7.8,81.0,448822,23.64,121
313,L.A. Confidential,1997,8.2,90.0,516966,64.62,138
314,Citizen Kane,1941,8.3,100.0,384836,1.59,119
315,My Neighbor Totoro,1988,8.2,86.0,271535,1.11,86
316,Kick-Ass,2010,7.6,66.0,514972,48.07,117
317,The Dirty Dozen,1967,7.7,73.0,65091,45.3,150
318,Amadeus,1984,8.3,88.0,357368,51.97,160
319,Blazing Saddles,1974,7.7,73.0,121954,119.5,93
320,Rush,2013,8.1,74.0,417942,26.95,123
321,Memories of Murder,2003,8.1,82.0,124053,0.01,132
322,The Lives of Others,2006,8.4,89.0,345530,11.29,137
323,The Graduate,1967,8.0,83.0,247901,104.95,106
324,Rear Window,1954,8.4,100.0,426960,36.76,112
325,The Untouchables,1987,7.9,79.0,269943,76.27,119
326,North by Northwest,1959,8.3,98.0,288184,13.28,136
327,The Thin Red Line,1998,7.6,78.0,167767,36.4,170
328,Philadelphia,1993,7.7,66.0,217317,77.32,125
329,WALL·E,2008,8.4,95.0,964909,223.81,98
330,Shrek,2001,7.8,84.0,594936,267.67,90
331,The Game,1997,7.8,61.0,333002,48.32,129
332,Incendies,2010,8.3,80.0,139251,6.86,131
333,Aladdin,1992,8.0,86.0,359146,217.35,90
334,Mississippi Burning,1988,7.8,65.0,84141,34.6,128
335,Hunt for the Wilderpeople,2016,7.9,81.0,102180,5.2,101
336,Taken,2008,7.8,51.0,554921,145.0,90
337,Manchester by the Sea,2016,7.8,96.0,234876,47.7,137
338,The Fighter,2010,7.8,79.0,331238,93.62,116
339,Moonrise Kingdom,2012,7.8,84.0,308163,45.51,94
340,In Bruges,2008,7.9,67.0,380366,7.76,107
341,Big Fish,2003,8.0,58.0,405109,66.26,125
342,Cool Hand Luke,1967,8.1,92.0,156671,16.22,127
343,The Farewell,2019,7.6,89.0,40740,16.88,100
344,3 Idiots,2009,8.4,67.0,326487,6.53,170
345,The Pursuit of Happyness,2006,8.0,64.0,431900,163.57,117
346,Groundhog Day,1993,8.0,72.0,564937,70.91,101
347,The Bridges of Madison County,1995,7.6,66.0,70148,71.52,135
348,Shaun of the Dead,2004,7.9,76.0,497895,13.54,99
349,Chinatown,1974,8.2,92.0,283042,29.2,130
350,District 9,2009,7.9,81.0,626574,115.65,112
351,The Machinist,2004,7.7,61.0,347596,1.08,101
352,First Blood,1982,7.7,61.0,219006,47.21,93
353,Dr. Strangelove or: How I Learned to Stop Worrying and Love the Bomb,1964,8.4,97.0,436703,0.28,95
354,Sherlock Holmes,2009,7.6,57.0,570252,209.03,128
355,"Monsters, Inc.",2001,8.0,79.0,787513,289.92,92
356,Blood Diamond,2006,8.0,64.0,485313,57.37,143
357,Despicable Me,2010,7.6,72.0,487405,251.51,95
358,American Gangster,2007,7.8,76.0,381053,130.16,157
359,Saw,2004,7.6,46.0,368834,56.0,103
360,Serenity,2005,7.8,74.0,278241,25.51,119
361,Mad Max 2: The Road Warrior,1981,7.6,77.0,161885,12.47,96
362,Lawrence of Arabia,1962,8.3,100.0,258204,44.82,228
363,Close Encounters of the Third Kind,1977,7.6,90.0,177938,132.09,138
364,Before Sunrise,1995,8.1,77.0,257980,5.54,101
365,A Fistful of Dollars,1964,8.0,65.0,189654,14.5,99
366,Edward Scissorhands,1990,7.9,74.0,433809,56.36,105
367,Scent of a Woman,1992,8.0,59.0,248619,63.9,156
368,Moon,2009,7.9,67.0,326747,5.01,97
369,"O Brother, Where Art Thou?",2000,7.7,69.0,276302,45.51,107
370,Office Space,1999,7.7,68.0,235918,10.82,89
371,Star Trek Into Darkness,2013,7.7,72.0,456485,228.78,132
372,The Blind Side,2009,7.6,53.0,282726,255.96,129
373,The King's Speech,2010,8.0,88.0,623269,138.8,118
374,Big Hero 6,2014,7.8,74.0,396786,222.53,102
375,To Kill a Mockingbird,1962,8.2,88.0,286299,,129
376,Sleepers,1996,7.6,49.0,182504,49.1,147
377,The Great Beauty,2013,7.8,86.0,77745,2.85,141
378,Life of Pi,2012,7.9,79.0,565470,124.99,127
379,Roma,2018,7.7,96.0,131494,,135
380,Gifted,2017,7.6,60.0,93741,24.8,101
381,The Last of the Mohicans,1992,7.7,76.0,143998,75.51,112
382,The Man Who Shot Liberty Valance,1962,8.1,94.0,66456,,123
383,Halloween,1978,7.8,87.0,220050,47.0,91
384,Downfall,2004,8.2,82.0,321701,5.51,156
385,The Little Mermaid,1989,7.6,88.0,229149,111.54,83
386,Fear and Loathing in Las Vegas,1998,7.6,41.0,252473,10.68,118
387,Who Framed Roger Rabbit,1988,7.7,83.0,176831,156.45,104
388,Dances with Wolves,1990,8.0,72.0,232799,184.21,181
389,Monty Python and the Holy Grail,1975,8.2,93.0,487064,1.23,91
390,7 Kogustaki Mucize,2019,8.3,,26117,,132
391,The Secret in Their Eyes,2009,8.2,80.0,185354,6.39,129
392,The Sandlot,1993,7.8,55.0,76049,32.42,101
393,The Fault in Our Stars,2014,7.7,69.0,333191,124.87,126
394,Raging Bull,1980,8.2,89.0,310061,23.38,129
395,The Great Escape,1963,8.2,86.0,217212,12.1,172
396,Deliverance,1972,7.7,80.0,95693,7.06,109
397,Spartacus,1960,7.9,87.0,120447,30.0,197
398,La Haine,1995,8.1,,141819,0.31,98
399,Grave of the Fireflies,1988,8.5,94.0,220479,,89
400,Y Tu Mamá También,2001,7.6,88.0,112535,13.62,106
401,The Hurt Locker,2008,7.6,95.0,410873,17.02,131
402,Traffic,2000,7.6,86.0,191879,124.12,147
403,Dangal,2016,8.4,,143534,12.39,161
404,Togo,2019,8.0,69.0,28018,,113
405,The Red Shoes,1948,8.1,,29340,10.9,135
406,The Bourne Identity,2002,7.9,68.0,495100,121.66,119
407,Breakfast at Tiffany's,1961,7.7,76.0,161157,,115
408,Escape from Alcatraz,1979,7.6,76.0,114091,43.0,112
409,Toy Story 3,2010,8.3,92.0,732746,415.0,103
410,Isle of Dogs,2018,7.9,82.0,129517,32.02,101
411,Searching,2018,7.6,71.0,126297,26.02,102
412,End of Watch,2012,7.6,68.0,222346,41.0,109
413,Match Point,2005,7.6,72.0,201156,23.09,124
414,Singin' in the Rain,1952,8.3,99.0,210439,8.82,103
415,It's a Wonderful Life,1946,8.6,89.0,384080,,130
416,The Theory of Everything,2014,7.7,72.0,386076,35.89,123
417,Sense and Sensibility,1995,7.6,84.0,98312,43.18,136
418,The Crow,1994,7.6,71.0,162308,50.69,102
419,Stalker,1979,8.2,,109437,0.23,162
420,Beauty and the Beast,1991,8.0,95.0,407770,218.97,84
421,Brazil,1985,7.9,84.0,182824,9.93,132
422,The Color Purple,1985,7.8,78.0,75396,98.47,154
423,The Fugitive,1993,7.8,87.0,259154,183.88,130
424,Barry Lyndon,1975,8.1,89.0,143048,,185
425,Blow,2001,7.6,52.0,234479,52.99,124
426,Captain Phillips,2013,7.8,82.0,408028,107.1,134
427,Rosemary's Baby,1968,8.0,96.0,184696,,137
428,Gattaca,1997,7.8,64.0,273310,12.34,106
429,The Warriors,1979,7.6,65.0,90606,22.49,92
430,The Others,2001,7.6,74.0,327819,96.52,104
431,Glory,1989,7.8,78.0,117455,26.83,122
432,The Elephant Man,1980,8.1,78.0,211913,,124
433,Cinema Paradiso,1988,8.5,80.0,218998,11.99,155
434,Lost Highway,1997,7.6,52.0,126161,3.8,134
435,Planet of the Apes,1968,8.0,79.0,161654,33.4,112
436,For a Few Dollars More,1965,8.3,74.0,222640,15.0,132
437,The Birds,1963,7.7,90.0,165132,11.4,119
438,Empire of the Sun,1987,7.7,62.0,111835,22.24,153
439,Dirty Harry,1971,7.7,90.0,139121,35.9,102
440,The French Connection,1971,7.7,94.0,105961,15.63,104
441,Rain Man,1988,8.0,65.0,461156,178.8,133
442,Ponyo,2008,7.7,86.0,117507,15.09,101
443,Das Boot,1981,8.3,86.0,223615,11.49,149
444,Coraline,2009,7.7,80.0,188528,75.29,100
445,The Raid: Redemption,2011,7.6,73.0,185422,4.11,101
446,The Fly,1986,7.6,79.0,153710,40.46,96
447,The Count of Monte Cristo,2002,7.8,61.0,125806,54.23,131
448,Kiki's Delivery Service,1989,7.8,83.0,114609,,103
449,Wreck-It Ralph,2012,7.7,72.0,367930,189.42,101
450,Boyhood,2014,7.9,100.0,328383,25.38,165
451,How to Train Your Dragon,2010,8.1,75.0,645344,217.58,98
452,The Boy in the Striped Pajamas,2008,7.8,55.0,183795,9.03,94
453,This Is Spinal Tap,1984,7.9,92.0,125465,0.19,82
454,A Bronx Tale,1993,7.8,80.0,123635,17.27,121
455,Serpico,1973,7.7,87.0,104803,29.8,130
456,The Sting,1973,8.3,83.0,233755,159.6,129
457,Mr. Nobody,2009,7.8,63.0,209601,0.0,141
458,The Royal Tenenbaums,2001,7.6,76.0,258588,52.36,110
459,Withnail & I,1987,7.7,84.0,38863,1.54,107
460,When Harry Met Sally...,1989,7.6,76.0,188347,92.82,95
461,Wild Tales,2014,8.1,77.0,167135,3.11,122
462,The Skin I Live In,2011,7.6,70.0,133160,3.19,120
463,Die Hard with a Vengeance,1995,7.6,58.0,354687,100.01,128
464,In the Heat of the Night,1967,7.9,75.0,64841,24.38,110
465,Nausicaä of the Valley of the Wind,1984,8.1,86.0,141723,0.5,117
466,Short Term 12,2013,8.0,82.0,78419,1.01,96
467,Gone Baby Gone,2007,7.6,72.0,243588,20.3,114
468,My Cousin Vinny,1992,7.6,68.0,102393,52.93,120
469,I Saw the Devil,2010,7.8,67.0,104033,0.13,144
470,Walk the Line,2005,7.8,72.0,227380,119.52,136
471,Carlito's Way,1993,7.9,65.0,194518,36.95,144
472,Kung Fu Hustle,2004,7.7,78.0,123249,17.11,99
473,Dog Day Afternoon,1975,8.0,86.0,228576,50.0,125
474,Dogville,2003,8.0,60.0,133623,1.53,178
475,Creed,2015,7.6,82.0,239557,109.77,133
476,Goldfinger,1964,7.7,87.0,167336,51.08,110
477,Annie Hall,1977,8.0,92.0,246394,39.2,93
478,Dangerous Liaisons,1988,7.6,74.0,62631,34.7,119
479,The Conversation,1974,7.8,85.0,94160,4.42,113
480,Donnie Brasco,1997,7.7,76.0,268173,41.91,127
481,The Girl with the Dragon Tattoo,2009,7.8,76.0,204897,10.1,152
482,Eastern Promises,2007,7.6,82.0,222221,17.11,100
483,Toy Story 2,1999,7.9,88.0,509738,245.85,92
484,The Boondock Saints,1999,7.8,44.0,223488,0.03,108
485,Rise of the Planet of the Apes,2011,7.6,68.0,487920,176.76,105
486,The Jungle Book,1967,7.6,65.0,160691,141.84,78
487,Midnight Cowboy,1969,7.8,79.0,97401,44.79,113
488,Solaris,1972,8.1,90.0,76743,,167
489,Bridge of Spies,2015,7.6,81.0,277922,72.31,142
490,Midnight Express,1978,7.6,59.0,70779,35.0,121
491,Shoplifters,2018,8.0,93.0,53631,3.31,121
492,The Seventh Seal,1957,8.2,,156572,,96
493,Ben-Hur,1959,8.1,90.0,212768,74.7,212
494,Network,1976,8.1,83.0,140094,,121
495,In the Mood for Love,2000,8.1,85.0,116899,2.73,98
496,Castle in the Sky,1986,8.0,78.0,142676,,125
497,Dark City,1998,7.6,66.0,183752,14.38,100
498,Where Eagles Dare,1968,7.7,63.0,50133,,158
499,Hachi: A Dog's Tale,2009,8.1,,242399,,93
500,Lethal Weapon,1987,7.6,68.0,230332,65.21,109
501,3:10 to Yuma,2007,7.7,76.0,281203,53.61,122
502,"Paris, Texas",1984,8.1,78.0,84173,2.18,145
503,The Raid 2,2014,8.0,71.0,110841,2.63,150
504,Klaus,2019,8.2,65.0,70321,,96
505,The Naked Gun: From the Files of Police Squad!,1988,7.6,76.0,145949,78.76,85
506,A Silent Voice: The Movie,2016,8.2,78.0,37742,,130
507,The Right Stuff,1983,7.8,91.0,54499,21.5,193
508,Before Sunset,2004,8.0,90.0,225093,5.82,80
509,Andhadhun,2018,8.3,,62007,1.37,139
510,127 Hours,2010,7.6,82.0,339490,18.34,94
511,A Separation,2011,8.3,95.0,211619,7.1,123
512,The Bourne Supremacy,2004,7.7,73.0,423960,176.24,108
513,Metropolis,1927,8.3,98.0,154243,1.24,153
514,Dawn of the Planet of the Apes,2014,7.6,79.0,404170,208.55,130
515,Enemy at the Gates,2001,7.6,53.0,236056,51.4,131
516,Sunset Blvd.,1950,8.4,,192976,,110
517,The Life of David Gale,2003,7.6,31.0,105948,19.59,130
518,The Magnificent Seven,1960,7.7,74.0,84986,4.91,128
519,Robin Hood,1973,7.6,57.0,111457,32.06,83
520,The Quiet Man,1952,7.7,,33506,10.55,129
521,Battle Royale,2000,7.6,81.0,165083,,114
522,Falling Down,1993,7.6,56.0,164140,40.9,113
523,The Bourne Ultimatum,2007,8.0,85.0,594572,227.47,115
524,Akira,1988,8.0,,156719,0.55,124
525,Adaptation.,2002,7.7,83.0,172219,22.25,115
526,Roman Holiday,1953,8.0,78.0,123356,,118
527,Mother,2009,7.8,79.0,47154,0.55,129
528,The Outlaw Josey Wales,1976,7.8,69.0,63385,31.8,135
529,Butch Cassidy and the Sundance Kid,1969,8.0,66.0,197827,102.31,110
530,Fried Green Tomatoes,1991,7.7,64.0,64699,82.42,130
531,JFK,1991,8.0,72.0,137007,70.41,189
532,Ghost in the Shell,1995,8.0,76.0,123858,0.52,83
533,The Illusionist,2006,7.6,68.0,348491,39.87,110
534,The Ten Commandments,1956,7.8,,61768,93.74,220
535,Only the Brave,2017,7.6,72.0,53640,18.34,134
536,The Body,2012,7.6,,52972,,108
537,Gangs of Wasseypur,2012,8.2,89.0,76080,,321
538,Bonnie and Clyde,1967,7.8,86.0,99269,,111
539,Seven Pounds,2008,7.6,36.0,280444,69.95,123
540,The Artist,2011,7.9,89.0,225611,44.67,100
541,The Lego Movie,2014,7.7,83.0,317238,257.76,100
542,Blood Simple,1984,7.6,81.0,84274,2.15,99
543,Harakiri,1962,8.7,85.0,34856,,133
544,Before Midnight,2013,7.9,94.0,134038,8.11,109
545,In the Name of the Father,1993,8.1,84.0,150716,25.01,133
546,Monty Python's Life of Brian,1979,8.1,77.0,355492,20.05,94
547,Ran,1985,8.2,96.0,106963,4.14,162
548,The Man from Earth,2007,7.9,,168848,,87
549,Star Trek II: The Wrath of Khan,1982,7.7,67.0,109782,78.91,113
550,Ip Man,2008,8.0,59.0,206004,,106
551,The Longest Day,1962,7.8,75.0,51040,39.1,178
552,The Last Picture Show,1971,8.0,93.0,40636,29.13,118
553,The Holy Mountain,1973,7.9,,34775,0.06,114
554,"Crouching Tiger, Hidden Dragon",2000,7.8,94.0,248052,128.08,120
555,Blow-Up,1966,7.6,82.0,54263,,111
556,The Day of the Jackal,1973,7.8,80.0,36106,16.06,143
557,Gandhi,1982,8.0,79.0,213861,52.77,191
558,The Nightmare Before Christmas,1993,8.0,82.0,282991,75.08,76
559,The Wind Rises,2013,7.8,83.0,68328,5.21,126
560,Like Stars on Earth,2007,8.4,,158199,1.22,165
561,His Girl Friday,1940,7.9,,51549,0.3,92
562,Funny Games,1997,7.6,69.0,61667,,108
563,The Apartment,1960,8.3,94.0,156396,18.6,125
564,The Wrestler,2008,7.9,80.0,284779,26.24,109
565,Ray,2004,7.7,73.0,134765,75.33,152
566,"Blood In, Blood Out",1993,8.0,47.0,27994,4.5,180
567,Night of the Living Dead,1968,7.9,89.0,111873,0.09,96
568,Amores Perros,2000,8.1,83.0,217217,5.38,154
569,Kelly's Heroes,1970,7.6,50.0,43855,1.38,144
570,The Great Dictator,1940,8.4,,194642,0.29,125
571,The Insider,1999,7.8,84.0,155799,28.97,157
572,This Is England,2006,7.7,86.0,113529,0.33,101
573,Paths of Glory,1957,8.4,,169863,,88
574,"Synecdoche, New York",2008,7.6,67.0,78263,3.08,124
575,Pride,2014,7.8,79.0,49723,,119
576,October Sky,1999,7.8,71.0,79136,32.48,108
577,Black Book,2006,7.7,71.0,71032,4.4,145
578,The King of Comedy,1982,7.8,73.0,82175,2.5,109
579,Enter the Dragon,1973,7.7,83.0,93300,25.0,102
580,Dawn of the Dead,1978,7.9,71.0,108277,5.1,127
581,Perfect Blue,1997,8.0,,51965,0.78,81
582,Mommy,2014,8.1,74.0,47755,3.49,139
583,Snow White and the Seven Dwarfs,1937,7.6,95.0,175340,184.93,83
584,On the Waterfront,1954,8.1,91.0,136739,9.6,108
585,Rebel Without a Cause,1955,7.7,89.0,80637,,111
586,The Best Offer,2013,7.8,49.0,103874,0.09,131
587,Letters from Iwo Jima,2006,7.9,89.0,151131,13.76,141
588,Charade,1963,7.9,83.0,65082,13.47,113
589,Let the Right One In,2008,7.9,82.0,201356,2.12,114
590,Beasts of No Nation,2015,7.7,79.0,70398,0.08,137
591,The Searchers,1956,7.9,94.0,77454,,119
592,Papillon,1973,8.0,58.0,118263,53.27,151
593,The Bridge on the River Kwai,1957,8.1,87.0,196587,44.91,161
594,Key Largo,1948,7.8,,35908,,100
595,My Fair Lady,1964,7.8,95.0,83924,72.0,170
596,All About Eve,1950,8.2,98.0,116220,0.01,138
597,Duck Soup,1933,7.8,93.0,54323,,69
598,The Last Emperor,1987,7.7,76.0,90707,43.98,163
599,After Hours,1985,7.7,90.0,55505,10.6,97
600,The Fall,2006,7.9,64.0,105129,2.28,117
601,8½,1963,8.0,,105120,0.05,138
602,King Kong,1933,7.9,90.0,76820,10.0,100
603,M,1931,8.3,,137330,0.03,99
604,Rushmore,1998,7.7,86.0,164298,17.11,93
605,Baahubali: The Beginning,2015,8.1,,98784,6.74,159
606,Persona,1966,8.1,86.0,96784,,83
607,Days of Heaven,1978,7.8,93.0,50053,,94
608,50/50,2011,7.6,72.0,310169,35.01,100
609,Modern Times,1936,8.5,96.0,207948,0.16,87
610,Hotel Rwanda,2004,8.1,79.0,326733,23.53,121
611,Cold War,2018,7.6,90.0,44365,4.57,89
612,Shane,1953,7.6,80.0,35744,20.0,118
613,Nosferatu,1922,7.9,,85711,,94
614,Hero,2002,7.9,85.0,171054,53.71,120
615,The Name of the Rose,1986,7.7,54.0,98567,7.15,130
616,25th Hour,2002,7.6,67.0,166720,13.06,135
617,Witness for the Prosecution,1957,8.4,,102378,8.18,116
618,Awakenings,1990,7.8,74.0,119170,52.1,121
619,Whisper of the Heart,1995,7.9,75.0,46924,,111
620,Dead Man,1995,7.6,62.0,87901,1.04,121
621,Three Colors: Red,1994,8.1,100.0,86232,4.04,99
622,The Third Man,1949,8.1,97.0,153634,0.45,93
623,The Remains of the Day,1993,7.8,84.0,63057,22.95,134
624,The Secret World of Arrietty,2010,7.6,80.0,75762,19.2,94
625,I Am Sam,2001,7.7,28.0,140324,40.31,132
626,Kramer vs. Kramer,1979,7.8,77.0,127487,106.26,105
627,Ordinary People,1980,7.7,86.0,45071,54.8,124
628,Naked,1993,7.8,84.0,32711,1.77,132
629,The White Ribbon,2009,7.8,82.0,66675,2.22,144
630,Winter Sleep,2014,8.1,88.0,43027,0.17,196
631,Doctor Zhivago,1965,8.0,69.0,67581,111.72,197
632,Rope,1948,8.0,73.0,123987,,80
633,Rebecca,1940,8.1,86.0,117792,4.36,130
634,Breathless,1960,7.9,,70034,0.34,90
635,All the President's Men,1976,8.0,84.0,98579,70.6,138
636,Double Indemnity,1944,8.3,95.0,137646,5.72,107
637,Flipped,2010,7.7,45.0,78830,1.75,90
638,Cinderella Man,2005,8.0,69.0,172368,61.65,144
639,Dancer in the Dark,2000,8.0,61.0,99096,4.18,140
640,Paddington 2,2017,7.8,88.0,56632,40.44,103
641,Sing Street,2016,7.9,79.0,81522,3.24,106
642,Cabaret,1972,7.8,80.0,46567,42.77,124
643,3-Iron,2004,8.0,72.0,48004,0.24,88
644,Rio Bravo,1959,8.0,,54045,12.54,141
645,High Noon,1952,7.9,89.0,94712,9.45,85
646,Clerks,1994,7.7,70.0,208142,3.15,92
647,21 Grams,2003,7.7,70.0,219987,16.29,124
648,Glengarry Glen Ross,1992,7.7,82.0,92824,10.73,100
649,Porco Rosso,1992,7.7,83.0,72079,,94
650,Sabrina,1954,7.7,72.0,56937,,113
651,The Lunchbox,2013,7.8,76.0,47754,4.23,104
652,Lord of War,2005,7.6,62.0,287905,24.15,122
653,How to Train Your Dragon 2,2014,7.8,76.0,295708,177.0,102
654,Sling Blade,1996,8.0,84.0,85184,24.48,135
655,The Iron Giant,1999,8.0,85.0,166500,23.16,86
656,Dial M for Murder,1954,8.2,75.0,151008,0.01,105
657,The Maltese Falcon,1941,8.0,96.0,145609,2.11,100
658,Ed Wood,1994,7.8,70.0,162071,5.89,127
659,"Planes, Trains & Automobiles",1987,7.6,72.0,117960,49.53,93
660,Miller's Crossing,1990,7.8,66.0,122858,5.08,115
661,Evil Dead II,1987,7.8,69.0,143340,5.92,84
662,Rashomon,1950,8.2,98.0,145855,0.1,88
663,Hedwig and the Angry Inch,2001,7.7,85.0,31169,3.03,95
664,La Dolce Vita,1960,8.0,95.0,63576,19.52,174
665,The Man from Nowhere,2010,7.8,,59933,0.01,119
666,Barton Fink,1991,7.7,69.0,109679,6.15,116
667,Guess Who's Coming to Dinner,1967,7.8,63.0,37745,56.7,108
668,Giant,1956,7.6,84.0,32880,35.0,201
669,Three Colors: Blue,1993,7.9,85.0,84882,1.32,94
670,Chungking Express,1994,8.1,77.0,58716,0.6,102
671,Lucky Number Slevin,2006,7.7,53.0,295503,22.49,110
672,The Night of the Hunter,1955,8.0,99.0,79154,0.65,92
673,Lady Vengeance,2005,7.6,75.0,69368,0.21,115
674,Fiddler on the Roof,1971,8.0,67.0,37637,80.5,181
675,Fanny and Alexander,1982,8.1,100.0,55357,4.97,188
676,Paprika,2006,7.7,81.0,67047,0.88,90
677,The Best Years of Our Lives,1946,8.0,93.0,55800,23.65,170
678,Harold and Maude,1971,7.9,62.0,68673,,91
679,Cape Fear,1962,7.7,76.0,25306,,106
680,Bicycle Thieves,1948,8.3,,139093,0.33,89
681,It Happened One Night,1934,8.1,87.0,90124,4.36,105
682,What Ever Happened to Baby Jane?,1962,8.1,75.0,48191,4.05,134
683,My Left Foot,1989,7.9,97.0,65325,14.74,103
684,The Adventures of Robin Hood,1938,7.9,97.0,45797,3.98,102
685,The Last King of Scotland,2006,7.7,74.0,171661,17.61,123
686,Freaks,1932,7.9,80.0,40694,,64
687,Anand,1971,8.6,,26532,,122
688,Wings of Desire,1987,8.0,79.0,62038,3.33,128
689,Belle de Jour,1967,7.7,,38516,0.03,100
690,Me and Earl and the Dying Girl,2015,7.7,74.0,119355,6.74,105
691,PK,2014,8.1,,153727,10.62,153
692,Finding Neverland,2004,7.7,67.0,195371,51.68,106
693,The Straight Story,1999,8.0,86.0,79000,6.2,112
694,Yojimbo,1961,8.2,,105642,,110
695,Gully Boy,2019,8.2,65.0,27457,5.57,153
696,Victoria,2015,7.6,77.0,49636,,138
697,Mary and Max,2009,8.1,,159450,,92
698,Nebraska,2013,7.7,87.0,109768,17.65,115
699,The Mirror,1975,8.1,,37189,0.18,107
700,Manhattan,1979,7.9,83.0,127962,45.7,96
701,Paper Moon,1973,8.1,77.0,40704,30.93,102
702,Loving Vincent,2017,7.8,62.0,47070,6.74,94
703,Detachment,2011,7.7,52.0,73874,0.07,98
704,Drishyam,2015,8.2,,63602,0.74,163
705,Badlands,1973,7.8,93.0,62973,,94
706,The Tale of The Princess Kaguya,2013,8.0,89.0,34963,1.51,137
707,Pink Floyd: The Wall,1982,8.0,47.0,73967,22.24,95
708,Breaking the Waves,1996,7.8,76.0,60522,4.04,159
709,The Muppet Movie,1979,7.6,74.0,31459,76.66,95
710,Strangers on a Train,1951,8.0,88.0,119724,7.63,101
711,Run Lola Run,1998,7.6,77.0,184763,7.27,80
712,Kubo and the Two Strings,2016,7.8,84.0,113667,48.02,101
713,All That Jazz,1979,7.9,72.0,26674,37.82,123
714,A Little Princess,1995,7.7,83.0,31106,10.02,97
715,Stalag 17,1953,8.0,84.0,49922,,120
716,The Tenant,1976,7.7,,37741,1.92,126
717,Fantasia,1940,7.8,96.0,85952,76.41,125
718,Patton,1970,7.9,91.0,91689,61.7,172
719,Repulsion,1965,7.7,91.0,47058,,105
720,City Lights,1931,8.5,99.0,160064,0.02,87
721,The Hurricane,1999,7.6,74.0,89447,50.67,146
722,When Marnie Was There,2014,7.7,72.0,29185,0.77,103
723,Land of Mine,2015,7.8,75.0,32839,0.44,100
724,Ninja Scroll,1993,7.9,,33443,,94
725,The Chaser,2008,7.9,64.0,55166,,125
726,The Treasure of the Sierra Madre,1948,8.2,98.0,110007,5.01,126
727,Amour,2012,7.9,94.0,90214,6.74,127
728,Being There,1979,8.0,83.0,63502,30.18,130
729,The Secret of NIMH,1982,7.6,76.0,35064,10.14,82
730,Wild Strawberries,1957,8.2,88.0,91223,,91
731,Happiness,1998,7.7,81.0,64873,2.81,134
732,The Philadelphia Story,1940,7.9,96.0,61376,,112
733,Mysterious Skin,2004,7.6,73.0,64444,0.7,105
734,The Killing Fields,1984,7.8,76.0,49880,34.7,141
735,Contempt,1963,7.6,,27266,0.04,102
736,La Vie En Rose,2007,7.6,66.0,80764,10.3,140
737,The 400 Blows,1959,8.1,,100220,,99
738,"Duck, You Sucker",1971,7.6,77.0,28664,0.7,138
739,The Message,1976,8.2,,42409,,177
740,The Invisible Man,1933,7.7,87.0,28834,,71
741,Red River,1948,7.8,,27047,,133
742,Touch of Evil,1958,8.0,99.0,96110,2.24,95
743,Lilya 4-Ever,2002,7.8,82.0,41470,0.18,109
744,K.G.F: Chapter 1,2018,8.2,,30173,,156
745,The Killing,1956,8.0,,78577,,84
746,In a Better World,2010,7.6,65.0,37715,1.01,118
747,Children of Heaven,1997,8.3,,60919,0.93,89
748,Perfect Strangers,2016,7.8,,53237,,96
749,All Quiet on the Western Front,1930,8.0,91.0,55840,3.27,152
750,Andrei Rublev,1966,8.1,,43794,0.1,205
751,Sympathy for Mr. Vengeance,2002,7.6,56.0,60228,0.05,129
752,The Double Life of Véronique,1991,7.8,86.0,39719,2.0,98
753,Leviathan,2014,7.6,92.0,47235,1.09,140
754,High and Low,1963,8.5,,29538,,143
755,"Spring, Summer, Fall, Winter... and Spring",2003,8.0,85.0,74830,2.38,103
756,Frost/Nixon,2008,7.7,80.0,100243,18.59,122
757,Hamlet,1996,7.7,,35310,4.41,242
758,5 Centimeters Per Second,2007,7.6,,48298,,63
759,Waking Life,2001,7.8,82.0,59421,2.89,99
760,Tangerines,2013,8.2,73.0,36737,0.14,87
761,East of Eden,1955,7.9,72.0,38886,,118
762,Notorious,1946,7.9,100.0,89397,10.46,102
763,Watership Down,1978,7.6,64.0,32699,,91
764,Volver,2006,7.6,84.0,92342,12.9,121
765,Arsenic and Old Lace,1944,8.0,,63675,,118
766,Zulu,1964,7.7,77.0,34767,,138
767,The Vanishing,1988,7.7,,32460,,107
768,Short Cuts,1993,7.7,79.0,41237,6.11,188
769,Who's Afraid of Virginia Woolf?,1966,8.0,75.0,67057,,131
770,The Diving Bell and the Butterfly,2007,8.0,92.0,101392,5.99,112
771,Stagecoach,1939,7.9,93.0,41423,,96
772,Talk to Her,2002,7.9,86.0,101920,9.28,112
773,"South Park: Bigger, Longer & Uncut",1999,7.7,73.0,188777,52.01,81
774,Rang De Basanti,2006,8.2,,107221,2.2,167
775,Peeping Tom,1960,7.7,,29591,0.08,101
776,Tokyo Story,1953,8.2,,49113,,136
777,The Day the Earth Stood Still,1951,7.7,,74891,,92
778,The Manchurian Candidate,1962,7.9,94.0,69725,,126
779,Infernal Affairs,2002,8.0,75.0,115607,0.17,101
780,All About My Mother,1999,7.8,87.0,86081,8.26,101
781,The Station Agent,2003,7.6,81.0,66250,5.74,89
782,Thank You for Smoking,2005,7.6,71.0,210395,24.79,92
783,Uri: The Surgical Strike,2019,8.3,,39737,4.19,138
784,Zindagi Na Milegi Dobara,2011,8.1,,64177,3.11,155
785,Cat on a Hot Tin Roof,1958,8.0,84.0,43310,17.57,108
786,Eyes Without a Face,1960,7.7,90.0,25576,0.05,90
787,Underground,1995,8.1,,53694,0.17,167
788,Judgment at Nuremberg,1961,8.2,60.0,66356,,179
789,Hannah and Her Sisters,1986,7.9,90.0,64998,40.08,107
790,Swades,2004,8.2,,79667,1.22,189
791,Lagaan: Once Upon a Time in India,2001,8.1,84.0,100900,0.07,224
792,Once,2007,7.8,88.0,108381,9.44,86
793,Dead Man's Shoes,2004,7.6,52.0,48197,0.01,90
794,The Hustler,1961,8.0,90.0,73405,,134
795,Ikiru,1952,8.3,,64005,0.06,143
796,A Man for All Seasons,1966,7.7,72.0,30131,28.35,120
797,The Big Sleep,1946,7.9,,76871,6.54,114
798,Kal ho naa ho,2003,8.0,54.0,61104,1.79,186
799,The Wave,2008,7.6,,99790,,107
800,Neon Genesis Evangelion: The End of Evangelion,1997,8.1,,34965,,87
801,"Aguirre, the Wrath of God",1972,7.9,,50080,,95
802,Frankenstein,1931,7.8,91.0,62586,,70
803,The Hidden Fortress,1958,8.1,,32480,,126
804,The Conformist,1970,8.0,100.0,25546,0.54,113
805,On Golden Pond,1981,7.6,68.0,26718,119.29,109
806,The Past,2013,7.8,85.0,43636,1.33,130
807,Bringing Up Baby,1938,7.9,91.0,53314,,102
808,The World's Fastest Indian,2005,7.8,68.0,50830,5.13,127
809,The Cabinet of Dr. Caligari,1920,8.1,,54727,,67
810,Throne of Blood,1957,8.1,,43689,,110
811,Kagemusha,1980,8.0,84.0,30736,,162
812,Ayla: The Daughter of War,2017,8.5,,31576,,125
813,Loveless,2017,7.6,86.0,27688,0.57,127
814,Talvar,2015,8.2,,28980,0.34,132
815,Song of the Sea,2014,8.1,85.0,48439,0.86,93
816,A Prophet,2009,7.9,90.0,91376,2.08,155
817,Shadow of a Doubt,1943,7.8,94.0,57237,,108
818,The Verdict,1982,7.7,77.0,34426,54.0,129
819,The Lion in Winter,1968,7.9,,28182,22.28,134
820,The African Queen,1951,7.7,91.0,69509,0.54,105
821,The Little Prince,2015,7.7,70.0,54248,1.34,108
822,A Christmas Story,1983,7.9,77.0,127293,20.61,94
823,Good Bye Lenin!,2003,7.7,68.0,134655,4.06,121
824,The Taking of Pelham One Two Three,1974,7.7,68.0,25376,,104
825,A Very Long Engagement,2004,7.6,76.0,69874,6.17,133
826,Once Upon a Time in Anatolia,2011,7.9,82.0,39097,0.14,157
827,Three Colors: White,1994,7.6,88.0,60669,1.46,92
828,Elite Squad,2007,8.1,33.0,95781,0.01,115
829,Open Your Eyes,1997,7.8,,62308,0.37,117
830,"I, Daniel Blake",2016,7.9,78.0,50418,0.26,100
831,Le Samouraï,1967,8.1,,43069,0.04,101
832,A Man Called Ove,2015,7.7,70.0,44058,3.36,116
833,Control,2007,7.7,78.0,60249,0.87,122
834,The Legend of 1900,1998,8.1,58.0,56669,0.26,169
835,A Hard Day's Night,1964,7.6,96.0,38869,13.78,87
836,The Lady Vanishes,1938,7.8,,45519,,96
837,Delicatessen,1991,7.6,66.0,78540,1.79,99
838,Bride of Frankenstein,1935,7.8,95.0,41708,4.36,75
839,Confessions,2010,7.8,,34405,,106
840,My Name Is Khan,2010,8.0,50.0,95566,4.02,165
841,Gilda,1946,7.7,,26768,,110
842,The Exterminating Angel,1962,8.1,,28217,,95
843,The Salesman,2016,7.8,85.0,47624,2.4,124
844,Philomena,2013,7.6,77.0,92000,37.71,98
845,Bajrangi Bhaijaan,2015,8.0,,68696,8.18,163
846,The Kid,1921,8.3,,107078,5.45,68
847,The Bandit,1996,8.3,,60870,,128
848,Sholay,1975,8.2,,49574,,162
849,About Elly,2009,8.0,87.0,42720,0.11,119
850,La Strada,1954,8.0,,56257,,108
851,Fitzcarraldo,1982,8.1,,29892,,158
852,The Passion of Joan of Arc,1928,8.1,,44924,0.02,114
853,The Thin Man,1934,8.0,,25463,,91
854,The Motorcycle Diaries,2004,7.8,75.0,94688,16.76,126
855,The Grapes of Wrath,1940,8.0,96.0,84058,0.06,129
856,Out of the Past,1947,8.0,,31293,,97
857,The Celebration,1998,8.0,82.0,75901,1.65,105
858,Mr. Smith Goes to Washington,1939,8.1,73.0,103336,9.6,129
859,Head-On,2004,7.9,78.0,49586,,121
860,Invasion of the Body Snatchers,1956,7.7,92.0,43379,,80
861,Hera Pheri,2000,8.2,,53410,,156
862,Secrets & Lies,1996,8.0,91.0,35755,13.42,136
863,The Man Who Would Be King,1975,7.8,91.0,42737,,129
864,Night on Earth,1991,7.8,68.0,53368,2.02,129
865,The Broken Circle Breakdown,2012,7.8,70.0,38313,0.18,111
866,Wolf Children,2012,8.1,71.0,36310,,117
867,The Lady from Shanghai,1947,7.6,,25473,0.01,87
868,Amarcord,1973,7.9,,38267,,123
869,The Battle of Algiers,1966,8.1,96.0,50146,0.06,121
870,The Discreet Charm of the Bourgeoisie,1972,7.9,93.0,36635,0.2,102
871,Laura,1944,8.0,,41098,4.36,88
872,Ivan's Childhood,1962,8.1,,29548,,84
873,The Return,2003,8.0,82.0,40863,0.5,110
874,Pink,2016,8.1,,36533,1.24,136
875,Crimes and Misdemeanors,1989,7.9,77.0,53032,18.25,104
876,The Odd Couple,1968,7.7,86.0,30523,44.53,105
877,Once Were Warriors,1994,7.9,77.0,30632,2.2,102
878,The Girl Who Leapt Through Time,2006,7.8,,57625,,98
879,The Wages of Fear,1953,8.1,,52072,,131
880,To Be or Not to Be,1942,8.2,86.0,26111,,99
881,Sweet Smell of Success,1957,8.1,100.0,26758,,96
882,Udaan,2010,8.2,,40929,0.01,134
883,Pierrot le Fou,1965,7.6,,27856,,110
884,Down by Law,1986,7.8,75.0,46350,1.44,107
885,Haider,2014,8.1,,48597,0.9,160
886,Love Me If You Dare,2003,7.6,45.0,65963,0.55,93
887,Brief Encounter,1945,8.0,,34005,,86
888,The Sea Inside,2004,8.0,74.0,75733,2.09,126
889,Paan Singh Tomar,2012,8.2,,31680,0.04,135
890,Kahaani,2012,8.1,,55414,1.04,122
891,Baahubali 2: The Conclusion,2017,8.2,,71214,20.19,167
892,My Father and My Son,2005,8.3,,75031,,112
893,Cries & Whispers,1972,8.1,,28564,1.74,91
894,To Have and Have Not,1944,7.8,,29884,,100
895,The Gold Rush,1925,8.2,,95843,5.45,95
896,Munna Bhai M.B.B.S.,2003,8.1,,70506,,156
897,The General,1926,8.1,,77550,1.03,67
898,Shine,1996,7.7,87.0,50197,35.81,105
899,Raise the Red Lantern,1991,8.1,,28213,2.6,125
900,Sunrise,1927,8.1,,45612,0.54,94
901,Sleuth,1972,8.0,,43706,4.08,138
902,The 39 Steps,1935,7.6,,49737,,86
903,L'Avventura,1960,7.9,,25176,,144
904,Ace in the Hole,1951,8.1,72.0,29881,3.97,111
905,Diabolique,1955,8.0,,59763,,117
906,Batman: Mask of the Phantasm,1993,7.8,,41191,5.62,76
907,The Experiment,2001,7.7,60.0,89552,0.14,120
908,Death Note,2006,7.7,,27969,,126
909,"4 Months, 3 Weeks and 2 Days",2007,7.9,97.0,54940,1.19,113
910,Harvey,1950,7.9,,51565,,104
911,The Innocents,1961,7.8,88.0,25529,2.62,100
912,Jules and Jim,1962,7.8,,36057,,105
913,Au Revoir les Enfants,1987,8.0,,29985,4.54,104
914,Cell 211,2009,7.6,,62411,,113
915,Dilwale Dulhania Le Jayenge,1995,8.1,,61087,,181
916,Cowboy Bebop: The Movie,2001,7.9,61.0,41496,1.0,115
917,My Sassy Girl,2001,8.0,,44285,,123
918,Il Postino,1994,7.7,81.0,32436,21.85,108
919,Dil Chahta Hai,2001,8.1,,64513,0.3,183
920,Mustang,2015,7.6,83.0,34015,0.85,97
921,"Black Cat, White Cat",1998,8.1,73.0,49450,0.35,127
922,Wait Until Dark,1967,7.8,81.0,26807,17.55,108
923,Hard Boiled,1992,7.8,,45497,,128
924,Interstate 60: Episodes of the Road,2002,7.7,,29066,,116
925,Lupin the 3rd: Castle of Cagliostro,1979,7.7,71.0,25280,,102
926,Chak de! India,2007,8.2,68.0,70973,1.11,153
927,A Wednesday,2008,8.1,,71708,,104
928,Nights of Cabiria,1957,8.1,,41265,0.75,110
929,In America,2002,7.7,76.0,39846,15.54,105
930,The Purple Rose of Cairo,1985,7.7,75.0,45619,10.63,82
931,Persepolis,2007,8.0,90.0,86265,4.45,96
932,Fearless,2006,7.6,70.0,71689,24.63,104
933,Baby,2015,8.0,,51072,,159
934,Barfi!,2012,8.1,,72948,2.8,151
935,Battleship Potemkin,1925,8.0,,51203,0.05,66
936,Miracle on 34th Street,1947,7.9,88.0,38823,2.65,96
937,Badhaai Ho,2018,8.0,,25196,,124
938,Queen,2013,8.2,,58268,1.43,146
939,Vivre Sa Vie,1962,8.0,,26045,,85
940,Fireworks,1997,7.8,,26580,0.23,103
941,The Chorus,2004,7.9,56.0,55639,3.64,97
942,Airlift,2016,8.0,,51228,,130
943,After the Wedding,2006,7.7,78.0,30944,0.41,120
944,White Heat,1949,8.1,,28540,,114
945,Udta Punjab,2016,7.8,,25545,,148
946,Hiroshima Mon Amour,1959,7.9,,26958,0.09,90
947,No Man's Land,2001,7.9,84.0,43649,1.06,98
948,Veer-Zaara,2004,7.8,67.0,47334,2.92,192
949,Tokyo Godfathers,2003,7.8,73.0,29188,0.13,92
950,Dev.D,2009,8.0,,27744,0.01,144
951,Vizontele,2001,8.0,,31816,,110
952,The Killer,1989,7.8,82.0,44665,,111
953,The Ladykillers,1955,7.7,91.0,25348,,91
954,Departures,2008,8.1,68.0,47197,1.5,130
955,Tae Guk Gi: The Brotherhood of War,2004,8.1,64.0,37082,1.11,140
956,Black,2005,8.2,,32532,0.73,122
957,Love and Death,1975,7.7,89.0,34854,,85
958,The Secret of Kells,2009,7.6,81.0,30067,0.69,75
959,Inherit the Wind,1960,8.1,75.0,26283,,128
960,Joint Security Area,2000,7.8,58.0,25216,,110
961,Special 26,2013,8.0,,48694,1.08,144
962,Elite Squad 2: The Enemy Within,2010,8.0,71.0,77669,0.1,115
963,C.R.A.Z.Y.,2005,7.9,81.0,31022,,127
964,The Rules of the Game,1939,8.0,,25772,,110
965,G.O.R.A.,2004,8.0,,54448,,127
966,Sherlock Jr.,1924,8.2,,38552,0.98,45
967,The Virgin Spring,1960,8.1,,25487,1.53,89
968,The Lost Weekend,1945,7.9,,32385,9.46,101
969,Andaz Apna Apna,1994,8.2,,47753,,160
970,Nine Queens,2000,7.9,80.0,48277,1.22,114
971,Sanjuro,1962,8.1,,30705,,96
972,Jab We Met,2007,7.9,,45561,0.41,138
973,Evil,2003,7.8,61.0,34865,0.02,113
974,Adam's Apples,2005,7.8,51.0,44086,0.0,94
975,Lifeboat,1944,7.6,78.0,25572,,97
976,OMG: Oh My God!,2012,8.1,,48669,0.92,125
977,Kind Hearts and Coronets,1949,8.0,,33469,,106
978,The Triplets of Belleville,2003,7.8,91.0,49643,7.0,80
979,The Visitor,2007,7.6,79.0,40980,9.42,104
980,Knockin' on Heaven's Door,1997,8.0,,26708,0.0,87
981,Bhaag Milkha Bhaag,2013,8.2,,58447,1.63,186
982,The Edge of Heaven,2007,7.8,85.0,30069,0.74,122
983,Vampire Hunter D: Bloodlust,2000,7.7,62.0,28254,0.15,103
984,Central Station,1998,8.0,80.0,34900,5.6,110
985,Vicky Donor,2012,7.8,,38090,0.17,126
986,The Magdalene Sisters,2002,7.7,83.0,25402,4.89,114
987,Le Dîner de Cons,1998,7.7,73.0,36282,4.07,80
988,Drishyam,2013,8.4,,29198,,160
989,The Shop Around the Corner,1940,8.1,96.0,26381,0.2,99
990,La Grande Illusion,1937,8.1,,32868,0.17,113
991,A Night at the Opera,1935,7.9,,29727,,96
992,The Muppet Christmas Carol,1992,7.7,64.0,46081,27.28,85
993,Zelig,1983,7.7,,38840,11.8,79
994,Joyeux Noel,2005,7.7,70.0,26951,1.05,116
995,"Carry On, Munna Bhai",2006,8.1,,41262,2.22,144
996,And Now for Something Completely Different,1971,7.6,,28232,,88
997,Boy A,2007,7.6,75.0,36295,0.11,102
998,English Vinglish,2012,7.8,,32244,1.67,134
999,The Breath,2009,8.0,,30977,,128
